clocks, time
12581223772, 3.145259
12577044467, 3.144216
12561460237, 3.140320
12568220428, 3.142010
12615592262, 3.153852
12567600305, 3.141855
12580023040, 3.144961
12606838803, 3.151664
12605584880, 3.151351
12587054966, 3.146718
12633471585, 3.158322
12570913219, 3.142683
13583812680, 3.395904
14006506508, 3.501576
13971715489, 3.492878
13981178415, 3.495244
14005195609, 3.501248
14002186446, 3.500496
14047675874, 3.511868
13989876314, 3.497418
