clocks, time
196890056222, 89.698946
196725881416, 89.624151
197595155144, 90.020190
190507763822, 86.791334
189561708896, 86.360312
192326324672, 87.619794
183441121960, 83.571858
174561332202, 79.526389
174187015408, 79.355850
174110663452, 79.321066
