clocks, time
1144674370, 0.521509
1148671470, 0.523260
1076290930, 0.490356
1070267194, 0.487611
1115932238, 0.508416
1090320020, 0.496676
1155397828, 0.526396
1083429398, 0.493608
1078318016, 0.491208
1155045494, 0.526236
1104479850, 0.503199
1127737402, 0.513794
1119678536, 0.510052
1109524354, 0.505496
1102359236, 0.502232
1111240450, 0.506208
1148530104, 0.523267
1072198224, 0.488491
1089832003, 0.496454
1107320373, 0.504493
